[
  {
    "names": ["Aruba"],
    "iso": "ABW"
  },
  {
    "names": ["Afghanistan"],
    "iso": "AFG"
  },
  {
    "names": ["French Afar and Issas"],
    "iso": "AFI"
  },
  {
    "names": ["Angola"],
    "iso": "AGO"
  },
  {
    "names": ["Anguilla"],
    "iso": "AIA"
  },
  {
    "names": ["Åland Islands", "Aland Islands", "Aaland Islands"],
    "iso": "ALA"
  },
  {
    "names": ["Albania"],
    "iso": "ALB"
  },
  {
    "names": ["Andorra"],
    "iso": "AND"
  },
  {
    "names": ["Netherlands Antilles", "Netherlands Antilles (former)", "Former Netherlands Antilles"],
    "iso": "ANT"
  },
  {
    "names": ["United Arab Emirates", "U. Arab Emirates"],
    "iso": "ARE"
  },
  {
    "names": ["Argentina"],
    "iso": "ARG"
  },
  {
    "names": ["Armenia"],
    "iso": "ARM"
  },
  {
    "names": ["American Samoa"],
    "iso": "ASM"
  },
  {
    "names": ["Antarctica"],
    "iso": "ATA"
  },
  {
    "names": ["British Antarctic Territory"],
    "iso": "ATB"
  },
  {
    "names": ["French Southern Territories"],
    "iso": "ATF"
  },
  {
    "names": ["Antigua and Barbuda", "Antigua & Barbuda"],
    "iso": "ATG"
  },
  {
    "names": ["Dronning Maud Land"],
    "iso": "ATN"
  },
  {
    "names": ["Australia"],
    "iso": "AUS"
  },
  {
    "names": ["Austria"],
    "iso": "AUT"
  },
  {
    "names": ["Azerbaijan"],
    "iso": "AZE"
  },
  {
    "names": ["Burundi"],
    "iso": "BDI"
  },
  {
    "names": ["Belgium"],
    "iso": "BEL"
  },
  {
    "names": ["Benin", "Dahomey"],
    "iso": "BEN"
  },
  {
    "names": ["Bonaire, Saint Eustatius and Saba", "Caribbean Netherlands", "Bonaire, Saint Eustatius, and Saba"],
    "iso": "BES"
  },
  {
    "names": ["Burkina Faso", "Upper Volta"],
    "iso": "BFA"
  },
  {
    "names": ["Bangladesh"],
    "iso": "BGD"
  },
  {
    "names": ["Bulgaria"],
    "iso": "BGR"
  },
  {
    "names": ["Bahrain"],
    "iso": "BHR"
  },
  {
    "names": ["Bahamas", "The Bahamas", "Bahamas, The"],
    "iso": "BHS"
  },
  {
    "names": ["Bosnia and Herzegovina", "Bosnia & Herzegovina", "Bosnia-Herzegovina"],
    "iso": "BIH"
  },
  {
    "names": ["Saint-Barthélemy"],
    "iso": "BLM"
  },
  {
    "names": ["Belarus", "Byelarus", "Byelorussia"],
    "iso": "BLR"
  },
  {
    "names": ["Belize"],
    "iso": "BLZ"
  },
  {
    "names": ["Bermuda"],
    "iso": "BMU"
  },
  {
    "names": ["Bolivia (Plurinational State of)", "Bolivia", "Bolivia, Plurinational Republic of"],
    "iso": "BOL"
  },
  {
    "names": ["Brazil"],
    "iso": "BRA"
  },
  {
    "names": ["Barbados"],
    "iso": "BRB"
  },
  {
    "names": ["Brunei Darussalam", "Brunei"],
    "iso": "BRN"
  },
  {
    "names": ["Bhutan"],
    "iso": "BTN"
  },
  {
    "names": ["Bouvet Island"],
    "iso": "BVT"
  },
  {
    "names": ["Botswana"],
    "iso": "BWA"
  },
  {
    "names": ["Central African Republic"],
    "iso": "CAF"
  },
  {
    "names": ["Canada"],
    "iso": "CAN"
  },
  {
    "names": ["Cocos (Keeling) Islands", "Cocos Islands"],
    "iso": "CCK"
  },
  {
    "names": ["Switzerland"],
    "iso": "CHE"
  },
  {
    "names": ["Channel Islands"],
    "iso": "CHI"
  },
  {
    "names": ["Chile"],
    "iso": "CHL"
  },
  {
    "names": ["China", "People's Rep. of China", "China, People's Republic of", "China (People's Republic of)", "China, mainland", "China (mainland)", "People's Republic of China", "China, People's Rep."],
    "iso": "CHN"
  },
  {
    "names": ["Côte d'Ivoire", "Ivory Coast", "Cote d'Ivoire", "Cote dIvoire (IvoryCoast)", "Côte d’Ivoire", "Cote D’Ivoire"],
    "iso": "CIV"
  },
  {
    "names": ["Cameroon"],
    "iso": "CMR"
  },
  {
    "names": ["Democratic Republic of the Congo", "Belgian Congo", "Zaire", "Congo the Democratic Republic of the", "Democratic Republic of Congo", "Dem. Rep. of Congo", "Congo (Kinshasa)", "Congo (The Democratic Republic of the)", "Congo (Zaire; DR; Kinshasa)", "Congo, DR", "Congo, Dem. Rep", "Congo Dem Rep", "D.R. of the Congo", "Congo, Kinshasa", "Congo, Democratic Republic of the", "Congo-Kinshasa"],
    "iso": "COD"
  },
  {
    "names": ["Congo", "Republic of Congo", "Congo (Brazzaville)", "Congo (Rep; Brazzaville)", "Congo, Rep.", "Republic of the Congo"],
    "iso": "COG"
  },
  {
    "names": ["Cook Islands", "Cook Is."],
    "iso": "COK"
  },
  {
    "names": ["Colombia"],
    "iso": "COL"
  },
  {
    "names": ["Comoros"],
    "iso": "COM"
  },
  {
    "names": ["Cape Verde", "Cabo Verde", "Cabo Verde (Republic of)", "Cape Verde (Republic of)"],
    "iso": "CPV"
  },
  {
    "names": ["Costa Rica"],
    "iso": "CRI"
  },
  {
    "names": ["Czechoslovakia", "Former Czechoslovakia", "Czechoslovakia (Former)", "Czech Rep. and Slovakia"],
    "iso": "CSK"
  },
  {
    "names": ["Canton and Enderbury Islands"],
    "iso": "CTE"
  },
  {
    "names": ["Cuba"],
    "iso": "CUB"
  },
  {
    "names": ["Curaçao", "Curacao"],
    "iso": "CUW"
  },
  {
    "names": ["Christmas Island"],
    "iso": "CXR"
  },
  {
    "names": ["Cayman Islands"],
    "iso": "CYM"
  },
  {
    "names": ["Cyprus"],
    "iso": "CYP"
  },
  {
    "names": ["Czech Republic", "Czechia"],
    "iso": "CZE"
  },
  {
    "names": ["German Democratic Republic", "East Germany", "Germany (Former East)", "Germany, East", "German Democratic Republic (former)"],
    "iso": "DDR"
  },
  {
    "names": ["Germany", "Germany, Federal Republic of"],
    "iso": "DEU"
  },
  {
    "names": ["Federal Republic of Germany", "West Germany", "Germany (Former West)", "Germany, West"],
    "iso": "DEW"
  },
  {
    "names": ["Dahomey"],
    "iso": "DHY"
  },
  {
    "names": ["Djibouti"],
    "iso": "DJI"
  },
  {
    "names": ["Dominica"],
    "iso": "DMA"
  },
  {
    "names": ["Denmark"],
    "iso": "DNK"
  },
  {
    "names": ["Dominican Republic"],
    "iso": "DOM"
  },
  {
    "names": ["Algeria"],
    "iso": "DZA"
  },
  {
    "names": ["Ecuador"],
    "iso": "ECU"
  },
  {
    "names": ["Egypt", "Egypt, Arab Rep."],
    "iso": "EGY"
  },
  {
    "names": ["Eritrea"],
    "iso": "ERI"
  },
  {
    "names": ["Western Sahara", "Spanish Sahara", "Southern Morocco", "West. Sahara"],
    "iso": "ESH"
  },
  {
    "names": ["Spain"],
    "iso": "ESP"
  },
  {
    "names": ["Estonia"],
    "iso": "EST"
  },
  {
    "names": ["Ethiopia"],
    "iso": "ETH"
  },
  {
    "names": ["European Union"],
    "iso": "EU"
  },
  {
    "names": ["Finland"],
    "iso": "FIN"
  },
  {
    "names": ["Fiji"],
    "iso": "FJI"
  },
  {
    "names": ["Falkland Islands (Malvinas)", "Islas Malvinas", "Malvinas", "Falkland Islands (Islas Malvinas)", "Falkland Islands", "Falkland Is."],
    "iso": "FLK"
  },
  {
    "names": ["France"],
    "iso": "FRA"
  },
  {
    "names": ["Faeroe Islands"],
    "iso": "FRO"
  },
  {
    "names": ["Micronesia (Federated States of)", "Micronesia, Fed. Sts.", "Micronesia (FS of)"],
    "iso": "FSM"
  },
  {
    "names": ["Gabon"],
    "iso": "GAB"
  },
  {
    "names": ["United Kingdom of Great Britain and Northern Ireland", "United Kingdom"],
    "iso": "GBR"
  },
  {
    "names": ["Gilbert and Ellice Islands"],
    "iso": "GEL"
  },
  {
    "names": ["Georgia"],
    "iso": "GEO"
  },
  {
    "names": ["Guernsey"],
    "iso": "GGY"
  },
  {
    "names": ["Ghana"],
    "iso": "GHA"
  },
  {
    "names": ["Gibraltar"],
    "iso": "GIB"
  },
  {
    "names": ["Guinea"],
    "iso": "GIN"
  },
  {
    "names": ["Guadeloupe", "Guadaloupe"],
    "iso": "GLP"
  },
  {
    "names": ["Gambia", "The Gambia", "Gambia, The"],
    "iso": "GMB"
  },
  {
    "names": ["Guinea-Bissau", "Guinea-Bisau"],
    "iso": "GNB"
  },
  {
    "names": ["Equatorial Guinea"],
    "iso": "GNQ"
  },
  {
    "names": ["Greece"],
    "iso": "GRC"
  },
  {
    "names": ["Grenada"],
    "iso": "GRD"
  },
  {
    "names": ["Greenland"],
    "iso": "GRL"
  },
  {
    "names": ["Guatemala"],
    "iso": "GTM"
  },
  {
    "names": ["French Guiana", "(French) Guiana", "French Guyana", "Guyane"],
    "iso": "GUF"
  },
  {
    "names": ["Guam"],
    "iso": "GUM"
  },
  {
    "names": ["Guyana"],
    "iso": "GUY"
  },
  {
    "names": ["Hong Kong", "China, Hong Kong Special Administrative Region", "Hong Kong SAR", "China Hong Kong SAR", "Hong Kong, China", "China (Hong Kong SAR)", "China: Hong Kong SAR"],
    "iso": "HKG"
  },
  {
    "names": ["Heard and McDonald Islands", "Heard Island and McDonald Islands"],
    "iso": "HMD"
  },
  {
    "names": ["Honduras"],
    "iso": "HND"
  },
  {
    "names": ["Croatia"],
    "iso": "HRV"
  },
  {
    "names": ["Haiti"],
    "iso": "HTI"
  },
  {
    "names": ["Hungary"],
    "iso": "HUN"
  },
  {
    "names": ["Indonesia"],
    "iso": "IDN"
  },
  {
    "names": ["Isle of Man"],
    "iso": "IMN"
  },
  {
    "names": ["India"],
    "iso": "IND"
  },
  {
    "names": ["British Indian Ocean Territory"],
    "iso": "IOT"
  },
  {
    "names": ["Ireland", "Republic of Ireland", "Ireland, Republic of"],
    "iso": "IRL"
  },
  {
    "names": ["Iran (Islamic Republic of)", "Iran Islamic Republic of", "Islamic Rep. of Iran", "Islamic Republic of Iran", "Iran, Islamic Rep."],
    "iso": "IRN"
  },
  {
    "names": ["Iraq"],
    "iso": "IRQ"
  },
  {
    "names": ["Iceland"],
    "iso": "ISL"
  },
  {
    "names": ["Israel"],
    "iso": "ISR"
  },
  {
    "names": ["Italy"],
    "iso": "ITA"
  },
  {
    "names": ["Jamaica"],
    "iso": "JAM"
  },
  {
    "names": ["Jersey"],
    "iso": "JEY"
  },
  {
    "names": ["Jordan"],
    "iso": "JOR"
  },
  {
    "names": ["Japan"],
    "iso": "JPN"
  },
  {
    "names": ["Johnston Island"],
    "iso": "JTN"
  },
  {
    "names": ["Kazakhstan", "Kazakhastan", "Kazakstan"],
    "iso": "KAZ"
  },
  {
    "names": ["Kenya"],
    "iso": "KEN"
  },
  {
    "names": ["Kyrgyzstan", "Kyrgyz Republic"],
    "iso": "KGZ"
  },
  {
    "names": ["Cambodia", "Kampuchea"],
    "iso": "KHM"
  },
  {
    "names": ["Kiribati"],
    "iso": "KIR"
  },
  {
    "names": ["Saint Kitts and Nevis", "St. Kitts and Nevis", "St Kitts & Nevis", "Saint Kitts & Nevis", "Federation of Saint Christopher and Nevis", "St. Christopher-Nevis", "St. Kitts & Nevis"],
    "iso": "KNA"
  },
  {
    "names": ["Republic of Korea", "South Korea", "Korea Republic of", "Korea", "Korea (South, Republic of)", "Korea, Rep.", "Korea (South)", "Korea Republic"],
    "iso": "KOR"
  },
  {
    "names": ["Kosovo", "Republic of Kosovo", "SRB (Kosovo)"],
    "iso": "KSV"
  },
  {
    "names": ["Kuwait"],
    "iso": "KWT"
  },
  {
    "names": ["Lao People's Democratic Republic", "Laos", "Lao P.D.R.", "Laos (People's Democratic Republic)", "Lao PDR", "Lao People's Dem. Republic", "Lao People's DR"],
    "iso": "LAO"
  },
  {
    "names": ["Lebanon"],
    "iso": "LBN"
  },
  {
    "names": ["Liberia"],
    "iso": "LBR"
  },
  {
    "names": ["Libya", "Libyan Arab Jamahiriya"],
    "iso": "LBY"
  },
  {
    "names": ["Saint Lucia", "St. Lucia", "St Lucia"],
    "iso": "LCA"
  },
  {
    "names": ["Liechtenstein"],
    "iso": "LIE"
  },
  {
    "names": ["Sri Lanka", "Ceylon"],
    "iso": "LKA"
  },
  {
    "names": ["Lesotho"],
    "iso": "LSO"
  },
  {
    "names": ["Lithuania"],
    "iso": "LTU"
  },
  {
    "names": ["Luxembourg"],
    "iso": "LUX"
  },
  {
    "names": ["Latvia"],
    "iso": "LVA"
  },
  {
    "names": ["China, Macao Special Administrative Region", "Macao", "China Macao SAR", "China (Macao SAR)", "China: Macao SAR", "Macau, China"],
    "iso": "MAC"
  },
  {
    "names": ["Saint-Martin (French part)"],
    "iso": "MAF"
  },
  {
    "names": ["Morocco"],
    "iso": "MAR"
  },
  {
    "names": ["Monaco"],
    "iso": "MCO"
  },
  {
    "names": ["Republic of Moldova", "Moldova", "Moldova Republic of", "Moldova (Republic of)", "Moldova, Republic", "Moldova, Rep. of"],
    "iso": "MDA"
  },
  {
    "names": ["Madagascar"],
    "iso": "MDG"
  },
  {
    "names": ["Maldives"],
    "iso": "MDV"
  },
  {
    "names": ["Mexico"],
    "iso": "MEX"
  },
  {
    "names": ["Marshall Islands"],
    "iso": "MHL"
  },
  {
    "names": ["Midway Islands", "Midway Island"],
    "iso": "MID"
  },
  {
    "names": ["Republic of North Macedonia", "Macedonia", "Macedonia the former Yugoslav Republic of", "TFYR Macedonia", "FYR of Macedonia", "FYR Macedonia", "Macedonia, FYR", "Macedonia (Former Yugoslav Republic of)", "former Yugoslav Republic of Macedonia, the", "North Macedonia", "Republic of North Macedonia", "Macedonia, the former Yugoslav"],
    "iso": "MKD"
  },
  {
    "names": ["Mali"],
    "iso": "MLI"
  },
  {
    "names": ["Malta"],
    "iso": "MLT"
  },
  {
    "names": ["Myanmar", "Burma", "Burma (Myanmar)", "Myanmar/Burma", "Myanmar (Burma)"],
    "iso": "MMR"
  },
  {
    "names": ["Montenegro"],
    "iso": "MNE"
  },
  {
    "names": ["Mongolia"],
    "iso": "MNG"
  },
  {
    "names": ["Northern Mariana Islands", "Northern Marianas", "Commonwealth of Northern Marianas"],
    "iso": "MNP"
  },
  {
    "names": ["Mozambique"],
    "iso": "MOZ"
  },
  {
    "names": ["Mauritania"],
    "iso": "MRT"
  },
  {
    "names": ["Montserrat"],
    "iso": "MSR"
  },
  {
    "names": ["Martinique"],
    "iso": "MTQ"
  },
  {
    "names": ["Mauritius", "Republic of Mauritius"],
    "iso": "MUS"
  },
  {
    "names": ["Malawi", "Nyasaland"],
    "iso": "MWI"
  },
  {
    "names": ["Malaysia"],
    "iso": "MYS"
  },
  {
    "names": ["Mayotte"],
    "iso": "MYT"
  },
  {
    "names": ["Namibia"],
    "iso": "NAM"
  },
  {
    "names": ["New Caledonia"],
    "iso": "NCL"
  },
  {
    "names": ["Niger"],
    "iso": "NER"
  },
  {
    "names": ["Norfolk Island"],
    "iso": "NFK"
  },
  {
    "names": ["Nigeria"],
    "iso": "NGA"
  },
  {
    "names": ["Nicaragua"],
    "iso": "NIC"
  },
  {
    "names": ["Niue"],
    "iso": "NIU"
  },
  {
    "names": ["Netherlands"],
    "iso": "NLD"
  },
  {
    "names": ["Norway"],
    "iso": "NOR"
  },
  {
    "names": ["Nepal"],
    "iso": "NPL"
  },
  {
    "names": ["Nauru"],
    "iso": "NRU"
  },
  {
    "names": ["New Zealand"],
    "iso": "NZL"
  },
  {
    "names": ["Oman", "Oman (Sultanate of)"],
    "iso": "OMN"
  },
  {
    "names": ["Pakistan"],
    "iso": "PAK"
  },
  {
    "names": ["Panama"],
    "iso": "PAN"
  },
  {
    "names": ["Pacific Islands (Trust Territory)", "Pacific Islands Trust Territory", "U.S. Pacific Islands"],
    "iso": "PCI"
  },
  {
    "names": ["Pitcairn", "Pitcairn Islands"],
    "iso": "PCN"
  },
  {
    "names": ["Panama Canal Zone"],
    "iso": "PCZ"
  },
  {
    "names": ["Peru"],
    "iso": "PER"
  },
  {
    "names": ["Philippines"],
    "iso": "PHL"
  },
  {
    "names": ["Palau"],
    "iso": "PLW"
  },
  {
    "names": ["Papua New Guinea"],
    "iso": "PNG"
  },
  {
    "names": ["Poland"],
    "iso": "POL"
  },
  {
    "names": ["Puerto Rico"],
    "iso": "PRI"
  },
  {
    "names": ["Democratic People's Republic of Korea", "North Korea", "Korea Democratic Peoples Republic of", "DPR of Korea", "Korea (Democratic People's Republic of)", "Korea (North, DPR)", "Korea, DPR", "Korea, Dem Rep.", "Korea, North", "D.P.R. of Korea", "Dem. People's Republic of Korea", "Korea (North)", "Korea, Peoples Republic of", "Korea DPR"],
    "iso": "PRK"
  },
  {
    "names": ["Portugal"],
    "iso": "PRT"
  },
  {
    "names": ["Paraguay"],
    "iso": "PRY"
  },
  {
    "names": ["Occupied Palestinian Territory", "Palestine", "Palestinian Territory Occupied", "Palestinian Territories", "Palestinian Territory", "West Bank and Gaza", "Palestine, State of"],
    "iso": "PSE"
  },
  {
    "names": ["U.S. Miscellaneous Pacific Islands"],
    "iso": "PUS"
  },
  {
    "names": ["French Polynesia"],
    "iso": "PYF"
  },
  {
    "names": ["Qatar"],
    "iso": "QAT"
  },
  {
    "names": ["Réunion"],
    "iso": "REU"
  },
  {
    "names": ["Romania"],
    "iso": "ROU"
  },
  {
    "names": ["Russian Federation", "Russia"],
    "iso": "RUS"
  },
  {
    "names": ["Rwanda"],
    "iso": "RWA"
  },
  {
    "names": ["Saudi Arabia"],
    "iso": "SAU"
  },
  {
    "names": ["Serbia and Montenegro", "Former Serbia and Montenegro"],
    "iso": "SCG"
  },
  {
    "names": ["Sudan", "Republic of Sudan"],
    "iso": "SDN"
  },
  {
    "names": ["Senegal"],
    "iso": "SEN"
  },
  {
    "names": ["Singapore"],
    "iso": "SGP"
  },
  {
    "names": ["South Georgia and the South Sandwich Islands", "South Georgia and the South Sandwich Is"],
    "iso": "SGS"
  },
  {
    "names": ["Saint Helena", "Saint Helena, Ascension and Tristan Da Cunha", "St. Helena"],
    "iso": "SHN"
  },
  {
    "names": ["Svalbard and Jan Mayen Islands", "Svalbard and Jan Mayen"],
    "iso": "SJM"
  },
  {
    "names": ["Sikkim"],
    "iso": "SKM"
  },
  {
    "names": ["Solomon Islands", "Solomon Is."],
    "iso": "SLB"
  },
  {
    "names": ["Sierra Leone"],
    "iso": "SLE"
  },
  {
    "names": ["El Salvador"],
    "iso": "SLV"
  },
  {
    "names": ["San Marino"],
    "iso": "SMR"
  },
  {
    "names": ["Somalia", "Federal Republic of Somalia"],
    "iso": "SOM"
  },
  {
    "names": ["Saint Pierre and Miquelon", "St. Pierre and Miquelon", "St Pierre & Miquelon", "Saint-Pierre et Miquelon"],
    "iso": "SPM"
  },
  {
    "names": ["Serbia"],
    "iso": "SRB"
  },
  {
    "names": ["South Sudan", "South Sudan, Republic of", "Republic of South Sudan"],
    "iso": "SSD"
  },
  {
    "names": ["Sao Tome and Principe", "São Tomé and Príncipe", "São Tomé and Principe", "Sao Tomé and Príncipe"],
    "iso": "STP"
  },
  {
    "names": ["USSR", "Soviet Union", "Former U.S.S.R.", "USSR (Former)", "Former USSR", "U.S.S.R.", "Union of Soviet Socialist Republics", "Union of Soviet Socialist Republics (former)"],
    "iso": "SUN"
  },
  {
    "names": ["Suriname", "Surinam"],
    "iso": "SUR"
  },
  {
    "names": ["Slovakia", "Slovak Republic"],
    "iso": "SVK"
  },
  {
    "names": ["Slovenia"],
    "iso": "SVN"
  },
  {
    "names": ["Sweden"],
    "iso": "SWE"
  },
  {
    "names": ["Eswatini", "Swaziland"],
    "iso": "SWZ"
  },
  {
    "names": ["Sint Maarten (Dutch part)", "Sint Maarten", "Saint Martin (Dutch Portion)"],
    "iso": "SXM"
  },
  {
    "names": ["Seychelles"],
    "iso": "SYC"
  },
  {
    "names": ["Syrian Arab Republic", "Syria", "Syrian Arab Republic ", "Syrian"],
    "iso": "SYR"
  },
  {
    "names": ["Turks and Caicos Islands", "Turks & Caicos", "Turks & Caicos Islands"],
    "iso": "TCA"
  },
  {
    "names": ["Chad"],
    "iso": "TCD"
  },
  {
    "names": ["Togo"],
    "iso": "TGO"
  },
  {
    "names": ["Thailand"],
    "iso": "THA"
  },
  {
    "names": ["Tajikistan"],
    "iso": "TJK"
  },
  {
    "names": ["Tokelau"],
    "iso": "TKL"
  },
  {
    "names": ["Turkmenistan"],
    "iso": "TKM"
  },
  {
    "names": ["Timor-Leste", "East Timor", "Portuguese Timor", "Timor-Leste (East Timor)"],
    "iso": "TLS"
  },
  {
    "names": ["Tonga"],
    "iso": "TON"
  },
  {
    "names": ["Trinidad and Tobago", "Trinidad & Tobago"],
    "iso": "TTO"
  },
  {
    "names": ["Tunisia"],
    "iso": "TUN"
  },
  {
    "names": ["Turkey", "Türkiye", "Turkiye"],
    "iso": "TUR"
  },
  {
    "names": ["Tuvalu"],
    "iso": "TUV"
  },
  {
    "names": ["Taiwan", "Taiwan Province of China", "Chinese Taipei", "China, Taiwan Province of"],
    "iso": "TWN"
  },
  {
    "names": ["United Republic of Tanzania", "Tanzania United Republic of", "United Republic of Tanganyika and Zanzibar", "United Rep. of Tanzania", "United Republic of Tanzania: Mainland", "Tanzania (United Republic of)", "U.R. of Tanzania: Mainland"],
    "iso": "TZA"
  },
  {
    "names": ["Uganda"],
    "iso": "UGA"
  },
  {
    "names": ["Ukraine"],
    "iso": "UKR"
  },
  {
    "names": ["United States Minor Outlying Islands", "US Minor Outlying Islands"],
    "iso": "UMI"
  },
  {
    "names": ["Uruguay"],
    "iso": "URY"
  },
  {
    "names": ["United States of America", "United States", "U.S.A.", "USA"],
    "iso": "USA"
  },
  {
    "names": ["Uzbekistan"],
    "iso": "UZB"
  },
  {
    "names": ["Holy See", "Vatican", "Vatican City"],
    "iso": "VAT"
  },
  {
    "names": ["Saint Vincent and the Grenadines", "St. Vincent and the Grenadines", "St Vincent & Grenadines", "Saint Vincent & Grenadines"],
    "iso": "VCT"
  },
  {
    "names": ["North Vietnam", "Viet-Nam, Democratic Republic of"],
    "iso": "VDR"
  },
  {
    "names": ["Venezuela (Bolivarian Republic of)", "Venezuela", "Venezuela, RB", "Bolivarian Republic of Venezuela"],
    "iso": "VEN"
  },
  {
    "names": ["British Virgin Islands", "Virgin Islands (British)"],
    "iso": "VGB"
  },
  {
    "names": ["United States Virgin Islands", "U.S. Virgin Islands", "US Virgin Islands"],
    "iso": "VIR"
  },
  {
    "names": ["Viet Nam", "Viet-Nam", "Vietnam"],
    "iso": "VNM"
  },
  {
    "names": ["Vanuatu", "New Hebrides"],
    "iso": "VUT"
  },
  {
    "names": ["Wake Island"],
    "iso": "WAK"
  },
  {
    "names": ["World", "Total World", "EARTH", "Global"],
    "iso": "WLD"
  },
  {
    "names": ["Wallis and Futuna Islands", "Wallis & Futuna"],
    "iso": "WLF"
  },
  {
    "names": ["Samoa", "Western Samoa"],
    "iso": "WSM"
  },
  {
    "names": ["International Aviation"],
    "iso": "XIA"
  },
  {
    "names": ["International Shipping"],
    "iso": "XIS"
  },
  {
    "names": ["Yemen", "Yemen, Rep."],
    "iso": "YEM"
  },
  {
    "names": ["Democratic Yemen", "Yemen: Former Democratic Yemen", "People's Democratic Republic of Yemen ", "South Yemen", "Yemen Democratic (Former)", "Democratic Yemen (former)"],
    "iso": "YMD"
  },
  {
    "names": ["Socialist Federal Republic of Yugoslavia", "Yugoslavia", "Former Yugoslavia", "Yugoslavia (Former)", "Yugoslav SFR"],
    "iso": "YUG"
  },
  {
    "names": ["South Africa"],
    "iso": "ZAF"
  },
  {
    "names": ["Zambia", "Northern Rhodesia"],
    "iso": "ZMB"
  },
  {
    "names": ["Zimbabwe", "Southern Rhodesia", "Rhodesia"],
    "iso": "ZWE"
  }
]
